{
    "dna_sequence": "TTACTCGTAGGATCCCACCGTTGAAATGCCGGCGGCTTTCTAGTCTCTAA",
    "sequence_length": 50,
    "transition_matrix": {
        "A": {
            "A": 0.3333333333333333,
            "C": 0.2222222222222222,
            "G": 0.2222222222222222,
            "T": 0.2222222222222222
        },
        "C": {
            "A": 0.07142857142857142,
            "C": 0.2857142857142857,
            "G": 0.2857142857142857,
            "T": 0.35714285714285715
        },
        "G": {
            "A": 0.18181818181818182,
            "C": 0.2727272727272727,
            "G": 0.2727272727272727,
            "T": 0.2727272727272727
        },
        "T": {
            "A": 0.26666666666666666,
            "C": 0.3333333333333333,
            "G": 0.13333333333333333,
            "T": 0.26666666666666666
        }
    },
    "matrix_array": [
        [
            0.3333333333333333,
            0.2222222222222222,
            0.2222222222222222,
            0.2222222222222222
        ],
        [
            0.07142857142857142,
            0.2857142857142857,
            0.2857142857142857,
            0.35714285714285715
        ],
        [
            0.18181818181818182,
            0.2727272727272727,
            0.2727272727272727,
            0.2727272727272727
        ],
        [
            0.26666666666666666,
            0.3333333333333333,
            0.13333333333333333,
            0.26666666666666666
        ]
    ],
    "bases": [
        "A",
        "C",
        "G",
        "T"
    ],
    "description": "Transition probabilities between nucleotides in DNA sequence"
}